order_id,order_date,customer_id,product_id,quantity,unit_price,status
ORD-1001,2026-09-25,C001,P001,1,1299.99,approved
ORD-1002,2026-09-25,C002,P002,2,599.99,approved
ORD-1003,2026-09-25,C003,P003,1,129.99,approved
ORD-1004,2026-09-26,C001,P003,2,129.99,approved
ORD-1005,2026-09-26,C004,P002,1,599.99,approved
ORD-1006,2026-09-27,C005,P001,1,1299.99,approved
ORD-1007,2026-09-27,C006,P003,3,129.99,approved
ORD-1008,2026-09-28,C007,P002,1,599.99,refunded
ORD-1009,2026-09-28,C008,P003,2,129.99,approved
ORD-1010,2026-09-29,C009,P001,1,1299.99,approved
ORD-1011,2026-09-29,C010,P002,2,599.99,approved
ORD-1012,2026-09-30,C011,P003,4,129.99,approved
ORD-1013,2026-10-01,C012,P002,1,599.99,approved
ORD-1014,2026-10-01,C013,P001,1,1299.99,approved
ORD-1015,2026-10-02,C014,P003,2,129.99,approved
